Product Title,Product Price,Product Preview,Product URL
  MultiTest - Phosphate - Seachem  ,$15.53,https://media2.cdn.bulkreefsupply.com/media/catalog/product/cache/2461497ddf1a2f94aea2975a79e1fe32/2/1/213309-seachem-multitest-phosphate-75tests-inp.jpg,https://www.bulkreefsupply.com/multitest-phosphate-seachem.html?queryID=b26677c536b185e61a6f5d47c8a2ec32&objectID=11298&indexName=brs_prod_m2_default_products
  MultiTest - Marine Basic Test Kit - Seachem  ,$15.53,https://media2.cdn.bulkreefsupply.com/media/catalog/product/cache/2461497ddf1a2f94aea2975a79e1fe32/2/1/213307-seachem-multitest-marinebasic-75tests-inp_1.jpg,https://www.bulkreefsupply.com/multitest-marine-basic-test-kit-seachem.html?queryID=b26677c536b185e61a6f5d47c8a2ec32&objectID=11001&indexName=brs_prod_m2_default_products
  MultiTest - Iodine & Iodide - Seachem  ,$15.53,https://media2.cdn.bulkreefsupply.com/media/catalog/product/cache/2461497ddf1a2f94aea2975a79e1fe32/2/1/213305-seachem-multitest-iodine-iodide-75tests-inp.jpg,https://www.bulkreefsupply.com/multitest-iodine-iodide-seachem.html?queryID=b26677c536b185e61a6f5d47c8a2ec32&objectID=11290&indexName=brs_prod_m2_default_products
  MultiTest - Copper - Seachem  ,$15.53,https://media2.cdn.bulkreefsupply.com/media/catalog/product/cache/2461497ddf1a2f94aea2975a79e1fe32/2/1/213304-seachem-multitest-copper-75tests-inp.jpg,https://www.bulkreefsupply.com/multitest-copper-seachem.html?queryID=b26677c536b185e61a6f5d47c8a2ec32&objectID=11295&indexName=brs_prod_m2_default_products
  MultiTest - Ammonia - Seachem  ,$15.53,https://media2.cdn.bulkreefsupply.com/media/catalog/product/cache/2461497ddf1a2f94aea2975a79e1fe32/2/1/213303-seachem-multitest-ammonia-75tests-inp.jpg,https://www.bulkreefsupply.com/multitest-ammonia-seachem.html?queryID=b26677c536b185e61a6f5d47c8a2ec32&objectID=11294&indexName=brs_prod_m2_default_products
  MultiTest - Iron - Seachem  ,$15.53,https://media2.cdn.bulkreefsupply.com/media/catalog/product/cache/2461497ddf1a2f94aea2975a79e1fe32/2/1/213306-seachem-multitest-iron-75tests-inp.jpg,https://www.bulkreefsupply.com/multitest-iron-seachem.html?queryID=b26677c536b185e61a6f5d47c8a2ec32&objectID=11296&indexName=brs_prod_m2_default_products
  HIREEF2 Professional Reef Test Kit - Hanna Instruments  ,$292.00,https://media2.cdn.bulkreefsupply.com/media/catalog/product/cache/2461497ddf1a2f94aea2975a79e1fe32/2/1/212442-hannainstruments-reefprofessional-testing-hero1.jpg,https://www.bulkreefsupply.com/hireef2-professional-reef-test-kit-hanna-instruments.html?queryID=b26677c536b185e61a6f5d47c8a2ec32&objectID=9816&indexName=brs_prod_m2_default_products
  Phosphate Ultra Low Range PPM Colorimeter HI774 Hanna Checker - Marine Water  ,$63.95,https://media2.cdn.bulkreefsupply.com/media/catalog/product/cache/2461497ddf1a2f94aea2975a79e1fe32/2/1/212044-hannainstruments-colorimeter-phosphate-testing-fr.jpg,https://www.bulkreefsupply.com/phosphate-ppm-ultra-low-range-colorimeter-hi774-hanna-checker-marine-water.html?queryID=b26677c536b185e61a6f5d47c8a2ec32&objectID=8788&indexName=brs_prod_m2_default_products
  BRS Master Test Kit Bundle - Bulk Reef Supply  ,$174.99,https://media2.cdn.bulkreefsupply.com/media/catalog/product/cache/2461497ddf1a2f94aea2975a79e1fe32/r/a/randy-test-kit-bundle-1200x1200.jpg,https://www.bulkreefsupply.com/brs-master-test-kit-bundle-bulk-reef-supply.html?queryID=b26677c536b185e61a6f5d47c8a2ec32&objectID=12354&indexName=brs_prod_m2_default_products
  Phosphat-E - Liquid Phosphate Remover - Brightwell Aquatics  ,$24.33,https://media2.cdn.bulkreefsupply.com/media/catalog/product/cache/2461497ddf1a2f94aea2975a79e1fe32/p/h/phosphat-e.jpg,https://www.bulkreefsupply.com/phosphat-e-liquid-phosphate-remover-brightwell-aquatics.html?queryID=b26677c536b185e61a6f5d47c8a2ec32&objectID=4546&indexName=brs_prod_m2_default_products
  Thomas' Favorite Test Kits Bundle  ,$244.99,https://media2.cdn.bulkreefsupply.com/media/catalog/product/cache/2461497ddf1a2f94aea2975a79e1fe32/t/h/thomas-fav-test-kit-bundle-v2.jpg,https://www.bulkreefsupply.com/thomas-favorite-test-kits-bundle.html?queryID=b26677c536b185e61a6f5d47c8a2ec32&objectID=13492&indexName=brs_prod_m2_default_products
  FerroxiPhos-G - Uniform-graded Granular Ferric Oxide - Brightwell Aquatics  ,$16.75,https://media2.cdn.bulkreefsupply.com/media/catalog/product/cache/2461497ddf1a2f94aea2975a79e1fe32/f/e/ferroxiphos-g.jpg,https://www.bulkreefsupply.com/ferroxiphos-g-uniform-graded-granular-ferric-oxide-brightwell-aquatics.html?queryID=b26677c536b185e61a6f5d47c8a2ec32&objectID=4629&indexName=brs_prod_m2_default_products
  FerroxiPhos-G - Uniform-graded Granular Ferric Oxide 600 g - Brightwell Aquatics  ,$30.08,https://media2.cdn.bulkreefsupply.com/media/catalog/product/cache/2461497ddf1a2f94aea2975a79e1fe32/f/e/ferroxiphos-g_3.jpg,https://www.bulkreefsupply.com/ferroxiphos-g-uniform-graded-granular-ferric-oxide-600-g-brightwell-aquatics.html?queryID=b26677c536b185e61a6f5d47c8a2ec32&objectID=4631&indexName=brs_prod_m2_default_products
  FerroxiPhos-G - Uniform-graded Granular Ferric Oxide 1.2 kg - Brightwell Aquatics  ,$55.60,https://media2.cdn.bulkreefsupply.com/media/catalog/product/cache/2461497ddf1a2f94aea2975a79e1fe32/f/e/ferroxiphos-g_4.jpg,https://www.bulkreefsupply.com/ferroxiphos-g-uniform-graded-granular-ferric-oxide-1-2-kg-brightwell-aquatics.html?queryID=b26677c536b185e61a6f5d47c8a2ec32&objectID=4632&indexName=brs_prod_m2_default_products
  HI774-25 Phosphate ULR Reagents - Marine Water  ,$13.00,https://media2.cdn.bulkreefsupply.com/media/catalog/product/cache/2461497ddf1a2f94aea2975a79e1fe32/2/1/211045-hanna-phosphate-ulr-reagent-testing-fr.jpg,https://www.bulkreefsupply.com/hi774-25-phosphate-ppm-ulr-reagents-marine-water.html?queryID=b26677c536b185e61a6f5d47c8a2ec32&objectID=8789&indexName=brs_prod_m2_default_products
  HI713-25 Phosphate Checker Reagents - Marine & Fresh Water  ,$13.00,https://media2.cdn.bulkreefsupply.com/media/catalog/product/cache/2461497ddf1a2f94aea2975a79e1fe32/2/0/206220-Hanna-Checker-Phosphate-Colorimeter-Reagents-a_1.jpg,https://www.bulkreefsupply.com/reagents-for-hanna-phosphate-checker.html?queryID=b26677c536b185e61a6f5d47c8a2ec32&objectID=1336&indexName=brs_prod_m2_default_products
  MultiTest - Silicate - Seachem  ,$15.53,https://media2.cdn.bulkreefsupply.com/media/catalog/product/cache/2461497ddf1a2f94aea2975a79e1fe32/2/1/213310-seachem-multitest-silicate-75tests-inp.jpg,https://www.bulkreefsupply.com/multitest-silicate-seachem.html?queryID=b26677c536b185e61a6f5d47c8a2ec32&objectID=11291&indexName=brs_prod_m2_default_products
  PhosBond - Phosphate Removal Media - Seachem  ,$8.96,https://media2.cdn.bulkreefsupply.com/media/catalog/product/cache/2461497ddf1a2f94aea2975a79e1fe32/2/1/213178-seachem-phosbond-media-cv1.jpg,https://www.bulkreefsupply.com/phosbond-phosphate-removal-media-seachem.html?queryID=b26677c536b185e61a6f5d47c8a2ec32&objectID=11339&indexName=brs_prod_m2_default_products
  HI717-11 Phosphate HR Calibration Check Set - Hanna Instruments  ,$14.00,https://media2.cdn.bulkreefsupply.com/media/catalog/product/cache/2461497ddf1a2f94aea2975a79e1fe32/2/0/208618-hanna-hi717-11phosphatehrstandard-b-1.jpg,https://www.bulkreefsupply.com/hi717-11-phosphate-hr-standards.html?queryID=b26677c536b185e61a6f5d47c8a2ec32&objectID=3720&indexName=brs_prod_m2_default_products
  MultiTest - Nitrite & Nitrate - Seachem  ,$15.53,https://media2.cdn.bulkreefsupply.com/media/catalog/product/cache/2461497ddf1a2f94aea2975a79e1fe32/2/1/213308-seachem-multitest-nitrite-nitrate-75tests-inp.jpg,https://www.bulkreefsupply.com/multitest-nitrite-nitrate-seachem.html?queryID=b26677c536b185e61a6f5d47c8a2ec32&objectID=11297&indexName=brs_prod_m2_default_products
  RedSea Algae Control Multi Test Kit (NO3/PO4)  ,$74.99,https://media2.cdn.bulkreefsupply.com/media/catalog/product/cache/2461497ddf1a2f94aea2975a79e1fe32/2/0/207099-redsea-algaecontroltestkit-inp.jpg,https://www.bulkreefsupply.com/red-sea-algae-control-multi-test-kit-no3-po4.html?queryID=b26677c536b185e61a6f5d47c8a2ec32&objectID=1543&indexName=brs_prod_m2_default_products
  Bio-Actif Salt Mix - Tropic Marin  ,$56.20,https://media2.cdn.bulkreefsupply.com/media/catalog/product/cache/2461497ddf1a2f94aea2975a79e1fe32/2/1/211811-tropicmarin-bio-actif-200g-fr_1.jpg,https://www.bulkreefsupply.com/bio-actif-salt-mix-tropic-marin.html?queryID=b26677c536b185e61a6f5d47c8a2ec32&objectID=8146&indexName=brs_prod_m2_default_products
  Bio-Actif Salt - 200 Gallon - Tropic Marin  ,$116.59,https://media2.cdn.bulkreefsupply.com/media/catalog/product/cache/2461497ddf1a2f94aea2975a79e1fe32/2/1/211811-tropicmarin-bio-actif-200g-fr.jpg,https://www.bulkreefsupply.com/bio-actif-salt-200-gallon-tropic-marin.html?queryID=b26677c536b185e61a6f5d47c8a2ec32&objectID=8145&indexName=brs_prod_m2_default_products
  Erase-CL Dechlorinator - Brightwell Aquatics  ,$8.13,https://media2.cdn.bulkreefsupply.com/media/catalog/product/cache/2461497ddf1a2f94aea2975a79e1fe32/e/r/erase-cl_1__3.jpg,https://www.bulkreefsupply.com/erase-cl-dechlorinator-brightwell-aquatics.html?queryID=b26677c536b185e61a6f5d47c8a2ec32&objectID=4503&indexName=brs_prod_m2_default_products
"  4"" Filter Media Cup  ",$15.99,https://media2.cdn.bulkreefsupply.com/media/catalog/product/cache/2461497ddf1a2f94aea2975a79e1fe32/b/o/box_and_cup_for_web.png,https://www.bulkreefsupply.com/4-filter-media-cup-red-sea.html?queryID=b26677c536b185e61a6f5d47c8a2ec32&objectID=7868&indexName=brs_prod_m2_default_products
  MicroBacter CLEAN - Brightwell Aquatics  ,$10.94,https://media2.cdn.bulkreefsupply.com/media/catalog/product/cache/2461497ddf1a2f94aea2975a79e1fe32/2/1/212059-brightwellaquatics-microbialculture-500ml-additive-fr.jpg,https://www.bulkreefsupply.com/microbacter-clean-brightwell-aquatics.html?queryID=b26677c536b185e61a6f5d47c8a2ec32&objectID=8801&indexName=brs_prod_m2_default_products
  RedSea Reef Mature Pro Kit  ,$38.99,https://media2.cdn.bulkreefsupply.com/media/catalog/product/cache/2461497ddf1a2f94aea2975a79e1fe32/2/0/208217-red-sea-reef-mature.jpg,https://www.bulkreefsupply.com/red-sea-reef-mature-pro-kit.html?queryID=b26677c536b185e61a6f5d47c8a2ec32&objectID=3197&indexName=brs_prod_m2_default_products
  HI713-11 Phosphate Calibration Check Set for HI713 Checker - Hanna Instruments  ,$14.00,https://media2.cdn.bulkreefsupply.com/media/catalog/product/cache/2461497ddf1a2f94aea2975a79e1fe32/2/0/208610-hanna-hi713-11phosphatestandards-b-1_1.jpg,https://www.bulkreefsupply.com/hi713-11-phosphate-lr-standards-for-hi713-hanna-checker-fresh-marine-water.html?queryID=b26677c536b185e61a6f5d47c8a2ec32&objectID=3712&indexName=brs_prod_m2_default_products
  500 mL Bactiv8 NPX - Two Little Fishies  ,$15.50,https://media2.cdn.bulkreefsupply.com/media/catalog/product/cache/2461497ddf1a2f94aea2975a79e1fe32/2/0/207256-bactiv8-tlf-grouped_2.jpg,https://www.bulkreefsupply.com/500-ml-bactiv8-npx.html?queryID=b26677c536b185e61a6f5d47c8a2ec32&objectID=2673&indexName=brs_prod_m2_default_products
  250 mL Bactiv8 NPX - Two Little Fishies  ,$8.80,https://media2.cdn.bulkreefsupply.com/media/catalog/product/cache/2461497ddf1a2f94aea2975a79e1fe32/2/0/207256-bactiv8-tlf-grouped_1.jpg,https://www.bulkreefsupply.com/250-ml-bactiv8-npx.html?queryID=b26677c536b185e61a6f5d47c8a2ec32&objectID=2672&indexName=brs_prod_m2_default_products
  Bactiv8 NPX - Two Little Fishies  ,$8.80,https://media2.cdn.bulkreefsupply.com/media/catalog/product/cache/2461497ddf1a2f94aea2975a79e1fe32/2/0/207256-bactiv8-tlf-grouped.jpg,https://www.bulkreefsupply.com/bactiv8-npx-two-little-fishies.html?queryID=b26677c536b185e61a6f5d47c8a2ec32&objectID=2671&indexName=brs_prod_m2_default_products
  Reef Code A - Balanced Calcium & Alkalinity System - Brightwell Aquatics  ,$6.70,https://media2.cdn.bulkreefsupply.com/media/catalog/product/cache/2461497ddf1a2f94aea2975a79e1fe32/r/e/reefcode-a_4.jpg,https://www.bulkreefsupply.com/reef-code-a-balanced-calcium-alkalinity-system-brightwell-aquatics.html?queryID=b26677c536b185e61a6f5d47c8a2ec32&objectID=4527&indexName=brs_prod_m2_default_products
  Reef Code A-P - Balanced Calcium & Alkalinity System DRY - Part A (Calc.) - Brightwell Aquatics  ,$13.60,https://media2.cdn.bulkreefsupply.com/media/catalog/product/cache/2461497ddf1a2f94aea2975a79e1fe32/r/e/reefcode-ap.jpg,https://www.bulkreefsupply.com/reef-code-a-p-balanced-calcium-alkalinity-system-dry-part-a-calc-brightwell-aquatics.html?queryID=b26677c536b185e61a6f5d47c8a2ec32&objectID=4593&indexName=brs_prod_m2_default_products
  Reef Code B-P - Balanced Calcium & Alkalinity System DRY - Part B (Alk.) - Brightwell Aquatics  ,$13.60,https://media2.cdn.bulkreefsupply.com/media/catalog/product/cache/2461497ddf1a2f94aea2975a79e1fe32/r/e/reefcode-bp.jpg,https://www.bulkreefsupply.com/reef-code-b-p-balanced-calcium-alkalinity-system-dry-part-b-alk-brightwell-aquatics.html?queryID=b26677c536b185e61a6f5d47c8a2ec32&objectID=4597&indexName=brs_prod_m2_default_products
  Reef Code A-P - Balanced Calcium & Alkalinity System DRY - Part A (Calc.) 500 g - Brightwell Aquatics  ,$13.60,https://media2.cdn.bulkreefsupply.com/media/catalog/product/cache/2461497ddf1a2f94aea2975a79e1fe32/r/e/reefcode-ap_1.jpg,https://www.bulkreefsupply.com/reef-code-a-p-balanced-calcium-alkalinity-system-dry-part-a-calc-500-g-brightwell-aquatics.html?queryID=b26677c536b185e61a6f5d47c8a2ec32&objectID=4594&indexName=brs_prod_m2_default_products
  Reef Code A - Balanced Calcium & Alkalinity System - Part A Calc. 250ml - Brightwell Aquatics  ,$6.70,https://media2.cdn.bulkreefsupply.com/media/catalog/product/cache/2461497ddf1a2f94aea2975a79e1fe32/r/e/reefcode-a_1.jpg,https://www.bulkreefsupply.com/reef-code-a-balanced-calcium-alkalinity-system-part-a-calc-250ml-brightwell-aquatics.html?queryID=b26677c536b185e61a6f5d47c8a2ec32&objectID=4528&indexName=brs_prod_m2_default_products
  Phosphate Low Range Colorimeter HI713 Hanna Checker - Fresh & Marine Water  ,$63.95,https://media2.cdn.bulkreefsupply.com/media/catalog/product/cache/2461497ddf1a2f94aea2975a79e1fe32/2/0/206200-hannainstruments-colorimeter-phosphate-testing-fr_1.jpg,https://www.bulkreefsupply.com/phosphate-low-range-colorimeter-hi713-hanna-checker-hc-fresh-marine-water.html?queryID=b26677c536b185e61a6f5d47c8a2ec32&objectID=1182&indexName=brs_prod_m2_default_products
  Auqa Gadget ChaetoMax 2-n-1 Refugium LED - Innovative Marine  ,$76.99,https://media2.cdn.bulkreefsupply.com/media/catalog/product/cache/2461497ddf1a2f94aea2975a79e1fe32/r/e/refugium-light-chaeto-max-innovative-marine-auqa-gadget-211254-3.jpg,https://www.bulkreefsupply.com/chaetomax-2-n-1-refugium-led-auqa-gadget-innovative-marine.html?queryID=b26677c536b185e61a6f5d47c8a2ec32&objectID=6745&indexName=brs_prod_m2_default_products
  Ammonia Alert - Continuous Ammonia Sensor - Seachem  ,$7.71,https://media2.cdn.bulkreefsupply.com/media/catalog/product/cache/2461497ddf1a2f94aea2975a79e1fe32/2/1/213302-seachem-ammoniaalert-fr_1.jpg,https://www.bulkreefsupply.com/ammonia-alert-continuous-ammonia-sensor-seachem.html?queryID=b26677c536b185e61a6f5d47c8a2ec32&objectID=11000&indexName=brs_prod_m2_default_products
  PhosBan Phosphate Adsorption Media - Two Little Fishies  ,$25.42,https://media2.cdn.bulkreefsupply.com/media/catalog/product/cache/2461497ddf1a2f94aea2975a79e1fe32/2/0/207239phosbanphosphateadsorptionmedia150g-454g.jpg,https://www.bulkreefsupply.com/phosban-phosphate-adsorption-media-two-little-fishies.html?queryID=b26677c536b185e61a6f5d47c8a2ec32&objectID=2659&indexName=brs_prod_m2_default_products
